{
  "directional": false,
  "horizontalPlane": {
    "alignment": {
      "degrees": 0.0
    },
    "gains": [
                       {
        "angleInDegrees": 0.0,
        "dBi": 2.1
      },
      {
        "angleInDegrees": 5.0,
        "dBi": 1.88
      },
      {
        "angleInDegrees": 10.0,
        "dBi": 2.04
      },
      {
        "angleInDegrees": 15.0,
        "dBi": 1.82
      },
      {
        "angleInDegrees": 20.0,
        "dBi": 1.8
      },
      {
        "angleInDegrees": 25.0,
        "dBi": 1.82
      },
      {
        "angleInDegrees": 30.0,
        "dBi": 1.81
      },
      {
        "angleInDegrees": 35.0,
        "dBi": 1.71
      },
      {
        "angleInDegrees": 40.0,
        "dBi": 1.63
      },
      {
        "angleInDegrees": 45.0,
        "dBi": 1.44
      },
      {
        "angleInDegrees": 50.0,
        "dBi": 1.63
      },
      {
        "angleInDegrees": 55.0,
        "dBi": 1.4
      },
      {
        "angleInDegrees": 60.0,
        "dBi": 1.35
      },
      {
        "angleInDegrees": 65.0,
        "dBi": 1.37
      },
      {
        "angleInDegrees": 70.0,
        "dBi": 1.2
      },
      {
        "angleInDegrees": 75.0,
        "dBi": 1.08
      },
      {
        "angleInDegrees": 80.0,
        "dBi": 1.07
      },
      {
        "angleInDegrees": 85.0,
        "dBi": 1.19
      },
      {
        "angleInDegrees": 90.0,
        "dBi": 1.02
      },
      {
        "angleInDegrees": 95.0,
        "dBi": 1.05
      },
      {
        "angleInDegrees": 100.0,
        "dBi": 1.16
      },
      {
        "angleInDegrees": 105.0,
        "dBi": 1.24
      },
      {
        "angleInDegrees": 110.0,
        "dBi": 1.02
      },
      {
        "angleInDegrees": 115.0,
        "dBi": 1.05
      },
      {
        "angleInDegrees": 120.0,
        "dBi": 1.29
      },
      {
        "angleInDegrees": 125.0,
        "dBi": 1.22
      },
      {
        "angleInDegrees": 130.0,
        "dBi": 1.21
      },
      {
        "angleInDegrees": 135.0,
        "dBi": 1.47
      },
      {
        "angleInDegrees": 140.0,
        "dBi": 1.59
      },
      {
        "angleInDegrees": 145.0,
        "dBi": 1.6
      },
      {
        "angleInDegrees": 150.0,
        "dBi": 1.65
      },
      {
        "angleInDegrees": 155.0,
        "dBi": 1.67
      },
      {
        "angleInDegrees": 160.0,
        "dBi": 1.71
      },
      {
        "angleInDegrees": 165.0,
        "dBi": 1.87
      },
      {
        "angleInDegrees": 170.0,
        "dBi": 1.62
      },
      {
        "angleInDegrees": 175.0,
        "dBi": 1.81
      },
      {
        "angleInDegrees": 180.0,
        "dBi": 1.92
      },
      {
        "angleInDegrees": 185.0,
        "dBi": 1.78
      },
      {
        "angleInDegrees": 190.0,
        "dBi": 1.88
      },
      {
        "angleInDegrees": 195.0,
        "dBi": 1.6
      },
      {
        "angleInDegrees": 200.0,
        "dBi": 1.64
      },
      {
        "angleInDegrees": 205.0,
        "dBi": 1.71
      },
      {
        "angleInDegrees": 210.0,
        "dBi": 1.71
      },
      {
        "angleInDegrees": 215.0,
        "dBi": 1.66
      },
      {
        "angleInDegrees": 220.0,
        "dBi": 1.46
      },
      {
        "angleInDegrees": 225.0,
        "dBi": 1.37
      },
      {
        "angleInDegrees": 230.0,
        "dBi": 1.5
      },
      {
        "angleInDegrees": 235.0,
        "dBi": 1.25
      },
      {
        "angleInDegrees": 240.0,
        "dBi": 1.09
      },
      {
        "angleInDegrees": 245.0,
        "dBi": 1.01
      },
      {
        "angleInDegrees": 250.0,
        "dBi": 1.05
      },
      {
        "angleInDegrees": 255.0,
        "dBi": 1.33
      },
      {
        "angleInDegrees": 260.0,
        "dBi": 1.32
      },
      {
        "angleInDegrees": 265.0,
        "dBi": 1.21
      },
      {
        "angleInDegrees": 270.0,
        "dBi": 1.19
      },
      {
        "angleInDegrees": 275.0,
        "dBi": 0.96
      },
      {
        "angleInDegrees": 280.0,
        "dBi": 1.05
      },
      {
        "angleInDegrees": 285.0,
        "dBi": 0.99
      },
      {
        "angleInDegrees": 290.0,
        "dBi": 1.16
      },
      {
        "angleInDegrees": 295.0,
        "dBi": 1.48
      },
      {
        "angleInDegrees": 300.0,
        "dBi": 1.39
      },
      {
        "angleInDegrees": 305.0,
        "dBi": 1.55
      },
      {
        "angleInDegrees": 310.0,
        "dBi": 1.34
      },
      {
        "angleInDegrees": 315.0,
        "dBi": 1.57
      },
      {
        "angleInDegrees": 320.0,
        "dBi": 1.91
      },
      {
        "angleInDegrees": 325.0,
        "dBi": 1.47
      },
      {
        "angleInDegrees": 330.0,
        "dBi": 1.84
      },
      {
        "angleInDegrees": 335.0,
        "dBi": 1.98
      },
      {
        "angleInDegrees": 340.0,
        "dBi": 1.81
      },
      {
        "angleInDegrees": 345.0,
        "dBi": 1.89
      },
      {
        "angleInDegrees": 350.0,
        "dBi": 2.2
      },
      {
        "angleInDegrees": 355.0,
        "dBi": 1.88
      }
    ],
    "type": "Azimuth",
    "scaleMin": NaN,
    "scaleMax": NaN
  },
  "elevationPlane": {
    "alignment": {
      "degrees": 90.0
    },
    "gains": [
            {
        "angleInDegrees": 0.0,
        "dBi": -19.52
      },
      {
        "angleInDegrees": 5.0,
        "dBi": -17.68
      },
      {
        "angleInDegrees": 10.0,
        "dBi": -15.53
      },
      {
        "angleInDegrees": 15.0,
        "dBi": -13.11
      },
      {
        "angleInDegrees": 20.0,
        "dBi": -12.05
      },
      {
        "angleInDegrees": 25.0,
        "dBi": -10.67
      },
      {
        "angleInDegrees": 30.0,
        "dBi": -9.15
      },
      {
        "angleInDegrees": 35.0,
        "dBi": -7.44
      },
      {
        "angleInDegrees": 40.0,
        "dBi": -5.1
      },
      {
        "angleInDegrees": 45.0,
        "dBi": -3.74
      },
      {
        "angleInDegrees": 50.0,
        "dBi": -3.01
      },
      {
        "angleInDegrees": 55.0,
        "dBi": -1.96
      },
      {
        "angleInDegrees": 60.0,
        "dBi": -1.34
      },
      {
        "angleInDegrees": 65.0,
        "dBi": -0.93
      },
      {
        "angleInDegrees": 70.0,
        "dBi": -0.18
      },
      {
        "angleInDegrees": 75.0,
        "dBi": 0.33
      },
      {
        "angleInDegrees": 80.0,
        "dBi": 0.3
      },
      {
        "angleInDegrees": 85.0,
        "dBi": 0.54
      },
      {
        "angleInDegrees": 90.0,
        "dBi": 0.85
      },
      {
        "angleInDegrees": 95.0,
        "dBi": 0.65
      },
      {
        "angleInDegrees": 100.0,
        "dBi": 0.63
      },
      {
        "angleInDegrees": 105.0,
        "dBi": 0.78
      },
      {
        "angleInDegrees": 110.0,
        "dBi": -0.03
      },
      {
        "angleInDegrees": 115.0,
        "dBi": -0.65
      },
      {
        "angleInDegrees": 120.0,
        "dBi": -1.05
      },
      {
        "angleInDegrees": 125.0,
        "dBi": -1.52
      },
      {
        "angleInDegrees": 130.0,
        "dBi": -1.99
      },
      {
        "angleInDegrees": 135.0,
        "dBi": -2.39
      },
      {
        "angleInDegrees": 140.0,
        "dBi": -2.79
      },
      {
        "angleInDegrees": 145.0,
        "dBi": -3.18
      },
      {
        "angleInDegrees": 150.0,
        "dBi": -3.54
      },
      {
        "angleInDegrees": 155.0,
        "dBi": -5.36
      },
      {
        "angleInDegrees": 160.0,
        "dBi": -7.49
      },
      {
        "angleInDegrees": 165.0,
        "dBi": -9.42
      },
      {
        "angleInDegrees": 170.0,
        "dBi": -14.31
      },
      {
        "angleInDegrees": 175.0,
        "dBi": -17.1
      },
      {
        "angleInDegrees": 180.0,
        "dBi": -18.89
      },
      {
        "angleInDegrees": 185.0,
        "dBi": -15.97
      },
      {
        "angleInDegrees": 190.0,
        "dBi": -11.91
      },
      {
        "angleInDegrees": 195.0,
        "dBi": -7.25
      },
      {
        "angleInDegrees": 200.0,
        "dBi": -6.46
      },
      {
        "angleInDegrees": 205.0,
        "dBi": -5.23
      },
      {
        "angleInDegrees": 210.0,
        "dBi": -4.24
      },
      {
        "angleInDegrees": 215.0,
        "dBi": -3.88
      },
      {
        "angleInDegrees": 220.0,
        "dBi": -3.31
      },
      {
        "angleInDegrees": 225.0,
        "dBi": -2.61
      },
      {
        "angleInDegrees": 230.0,
        "dBi": -2.07
      },
      {
        "angleInDegrees": 235.0,
        "dBi": -1.34
      },
      {
        "angleInDegrees": 240.0,
        "dBi": -0.87
      },
      {
        "angleInDegrees": 245.0,
        "dBi": -0.76
      },
      {
        "angleInDegrees": 250.0,
        "dBi": -0.37
      },
      {
        "angleInDegrees": 255.0,
        "dBi": 0.05
      },
      {
        "angleInDegrees": 260.0,
        "dBi": 0.01
      },
      {
        "angleInDegrees": 265.0,
        "dBi": 0.27
      },
      {
        "angleInDegrees": 270.0,
        "dBi": 0.75
      },
      {
        "angleInDegrees": 275.0,
        "dBi": 0.1
      },
      {
        "angleInDegrees": 280.0,
        "dBi": -0.15
      },
      {
        "angleInDegrees": 285.0,
        "dBi": -0.2
      },
      {
        "angleInDegrees": 290.0,
        "dBi": -0.9
      },
      {
        "angleInDegrees": 295.0,
        "dBi": -1.66
      },
      {
        "angleInDegrees": 300.0,
        "dBi": -1.95
      },
      {
        "angleInDegrees": 305.0,
        "dBi": -3.05
      },
      {
        "angleInDegrees": 310.0,
        "dBi": -4.38
      },
      {
        "angleInDegrees": 315.0,
        "dBi": -5.11
      },
      {
        "angleInDegrees": 320.0,
        "dBi": -8.9
      },
      {
        "angleInDegrees": 325.0,
        "dBi": -12.16
      },
      {
        "angleInDegrees": 330.0,
        "dBi": -14.05
      },
      {
        "angleInDegrees": 335.0,
        "dBi": -15.89
      },
      {
        "angleInDegrees": 340.0,
        "dBi": -17.55
      },
      {
        "angleInDegrees": 345.0,
        "dBi": -18.69
      },
      {
        "angleInDegrees": 350.0,
        "dBi": -19.36
      },
      {
        "angleInDegrees": 355.0,
        "dBi": -19.72
      }
    ],
    "type": "Elevation",
    "scaleMin": -50.0,
    "scaleMax": 3.0
  },
  "frequencyBand": "TWO",
  "accessPointVendorModel": {
    "vendor": {
      "vendor": "QTECH"
    },
    "model": {
      "model": "QWP-82"
    }
  },
  "wcsMapping": {},
  "defaultTiltAngle": {
    "degrees": 0.0
  },
  "manufacturerMaximumGain": 4.0,
  "antennaTechnology": "WIFI",
  "defaultMounting": "CEILING",
  "apCoupling": "INTERNAL_ANTENNA"
}
