{
  "directional": false,
  "horizontalPlane": {
    "alignment": {},
    "gains": [
      {
        "angleInDegrees": 0.0,
        "dBi": -5
      },
      {
        "angleInDegrees": 5.0,
        "dBi": -0.75
      },
      {
        "angleInDegrees": 10.0,
        "dBi": 3.5
      },
      {
        "angleInDegrees": 15.0,
        "dBi": 2.95
      },
      {
        "angleInDegrees": 20.0,
        "dBi": 2.4
      },
      {
        "angleInDegrees": 25.0,
        "dBi": 2.25
      },
      {
        "angleInDegrees": 30.0,
        "dBi": 2.1
      },
      {
        "angleInDegrees": 35.0,
        "dBi": 1.75
      },
      {
        "angleInDegrees": 40.0,
        "dBi": 1.4
      },
      {
        "angleInDegrees": 45.0,
        "dBi": 1.15
      },
      {
        "angleInDegrees": 50.0,
        "dBi": 0.9
      },
      {
        "angleInDegrees": 55.0,
        "dBi": 3.05
      },
      {
        "angleInDegrees": 60.0,
        "dBi": 5.2
      },
      {
        "angleInDegrees": 65.0,
        "dBi": 4.15
      },
      {
        "angleInDegrees": 70.0,
        "dBi": 3.1
      },
      {
        "angleInDegrees": 75.0,
        "dBi": 3.35
      },
      {
        "angleInDegrees": 80.0,
        "dBi": 3.6
      },
      {
        "angleInDegrees": 85.0,
        "dBi": 2.5
      },
      {
        "angleInDegrees": 90.0,
        "dBi": 1.4
      },
      {
        "angleInDegrees": 95.0,
        "dBi": 0.5
      },
      {
        "angleInDegrees": 100.0,
        "dBi": -0.4
      },
      {
        "angleInDegrees": 105.0,
        "dBi": 0.6
      },
      {
        "angleInDegrees": 110.0,
        "dBi": 1.6
      },
      {
        "angleInDegrees": 115.0,
        "dBi": 1
      },
      {
        "angleInDegrees": 120.0,
        "dBi": 0.4
      },
      {
        "angleInDegrees": 125.0,
        "dBi": 1.85
      },
      {
        "angleInDegrees": 130.0,
        "dBi": 3.3
      },
      {
        "angleInDegrees": 135.0,
        "dBi": 3.35
      },
      {
        "angleInDegrees": 140.0,
        "dBi": 3.4
      },
      {
        "angleInDegrees": 145.0,
        "dBi": 3.3
      },
      {
        "angleInDegrees": 150.0,
        "dBi": 3.2
      },
      {
        "angleInDegrees": 155.0,
        "dBi": 2.75
      },
      {
        "angleInDegrees": 160.0,
        "dBi": 2.3
      },
      {
        "angleInDegrees": 165.0,
        "dBi": 2.15
      },
      {
        "angleInDegrees": 170.0,
        "dBi": 2
      },
      {
        "angleInDegrees": 175.0,
        "dBi": 2.7
      },
      {
        "angleInDegrees": 180.0,
        "dBi": 3.4
      },
      {
        "angleInDegrees": 185.0,
        "dBi": 3
      },
      {
        "angleInDegrees": 190.0,
        "dBi": 2.6
      },
      {
        "angleInDegrees": 195.0,
        "dBi": 0.1
      },
      {
        "angleInDegrees": 200.0,
        "dBi": -2.4
      },
      {
        "angleInDegrees": 205.0,
        "dBi": -0.3
      },
      {
        "angleInDegrees": 210.0,
        "dBi": 1.8
      },
      {
        "angleInDegrees": 215.0,
        "dBi": -3
      },
      {
        "angleInDegrees": 220.0,
        "dBi": -7.8
      },
      {
        "angleInDegrees": 225.0,
        "dBi": -4.2
      },
      {
        "angleInDegrees": 230.0,
        "dBi": -0.6
      },
      {
        "angleInDegrees": 235.0,
        "dBi": -0.7
      },
      {
        "angleInDegrees": 240.0,
        "dBi": -0.8
      },
      {
        "angleInDegrees": 245.0,
        "dBi": -0.3
      },
      {
        "angleInDegrees": 250.0,
        "dBi": 0.2
      },
      {
        "angleInDegrees": 255.0,
        "dBi": -0.6
      },
      {
        "angleInDegrees": 260.0,
        "dBi": -1.4
      },
      {
        "angleInDegrees": 265.0,
        "dBi": -1.85
      },
      {
        "angleInDegrees": 270.0,
        "dBi": -2.3
      },
      {
        "angleInDegrees": 275.0,
        "dBi": -2.4
      },
      {
        "angleInDegrees": 280.0,
        "dBi": -2.5
      },
      {
        "angleInDegrees": 285.0,
        "dBi": -1.4
      },
      {
        "angleInDegrees": 290.0,
        "dBi": -0.3
      },
      {
        "angleInDegrees": 295.0,
        "dBi": 0.7
      },
      {
        "angleInDegrees": 300.0,
        "dBi": 1.7
      },
      {
        "angleInDegrees": 305.0,
        "dBi": 2.05
      },
      {
        "angleInDegrees": 310.0,
        "dBi": 2.4
      },
      {
        "angleInDegrees": 315.0,
        "dBi": 3.4
      },
      {
        "angleInDegrees": 320.0,
        "dBi": 4.4
      },
      {
        "angleInDegrees": 325.0,
        "dBi": 1.85
      },
      {
        "angleInDegrees": 330.0,
        "dBi": -0.7
      },
      {
        "angleInDegrees": 335.0,
        "dBi": -0.15
      },
      {
        "angleInDegrees": 340.0,
        "dBi": 0.4
      },
      {
        "angleInDegrees": 345.0,
        "dBi": 0.5
      },
      {
        "angleInDegrees": 350.0,
        "dBi": 0.6
      },
      {
        "angleInDegrees": 355.0,
        "dBi": -2.2
      }
    ],
    "type": "Azimuth",
    "scaleMin": -60,
    "scaleMax": 0.4
  },
  "elevationPlane": {
    "alignment": {
      "degrees": 90.0
    },
    "gains": [
      {
        "angleInDegrees": 0.0,
        "dBi": -8.2
      },
      {
        "angleInDegrees": 5.0,
        "dBi": -7.4
      },
      {
        "angleInDegrees": 10.0,
        "dBi": -6.6
      },
      {
        "angleInDegrees": 15.0,
        "dBi": -5.8
      },
      {
        "angleInDegrees": 20.0,
        "dBi": -5
      },
      {
        "angleInDegrees": 25.0,
        "dBi": -2.9
      },
      {
        "angleInDegrees": 30.0,
        "dBi": -0.8
      },
      {
        "angleInDegrees": 35.0,
        "dBi": 0.35
      },
      {
        "angleInDegrees": 40.0,
        "dBi": 1.5
      },
      {
        "angleInDegrees": 45.0,
        "dBi": 1.35
      },
      {
        "angleInDegrees": 50.0,
        "dBi": 1.2
      },
      {
        "angleInDegrees": 55.0,
        "dBi": 0.7
      },
      {
        "angleInDegrees": 60.0,
        "dBi": 0.2
      },
      {
        "angleInDegrees": 65.0,
        "dBi": -0.1
      },
      {
        "angleInDegrees": 70.0,
        "dBi": -0.4
      },
      {
        "angleInDegrees": 75.0,
        "dBi": -1.5
      },
      {
        "angleInDegrees": 80.0,
        "dBi": -2.6
      },
      {
        "angleInDegrees": 85.0,
        "dBi": -3.35
      },
      {
        "angleInDegrees": 90.0,
        "dBi": -4.1
      },
      {
        "angleInDegrees": 95.0,
        "dBi": -3.75
      },
      {
        "angleInDegrees": 100.0,
        "dBi": -3.4
      },
      {
        "angleInDegrees": 105.0,
        "dBi": -3
      },
      {
        "angleInDegrees": 110.0,
        "dBi": -2.6
      },
      {
        "angleInDegrees": 115.0,
        "dBi": -2.35
      },
      {
        "angleInDegrees": 120.0,
        "dBi": -2.1
      },
      {
        "angleInDegrees": 125.0,
        "dBi": -3.2
      },
      {
        "angleInDegrees": 130.0,
        "dBi": -4.3
      },
      {
        "angleInDegrees": 135.0,
        "dBi": -4.7
      },
      {
        "angleInDegrees": 140.0,
        "dBi": -5.1
      },
      {
        "angleInDegrees": 145.0,
        "dBi": -4.95
      },
      {
        "angleInDegrees": 150.0,
        "dBi": -4.8
      },
      {
        "angleInDegrees": 155.0,
        "dBi": -7
      },
      {
        "angleInDegrees": 160.0,
        "dBi": -9.2
      },
      {
        "angleInDegrees": 165.0,
        "dBi": -13.9
      },
      {
        "angleInDegrees": 170.0,
        "dBi": -18.6
      },
      {
        "angleInDegrees": 175.0,
        "dBi": -24.9
      },
      {
        "angleInDegrees": 180.0,
        "dBi": -31.2
      },
      {
        "angleInDegrees": 185.0,
        "dBi": -20.9
      },
      {
        "angleInDegrees": 190.0,
        "dBi": -10.6
      },
      {
        "angleInDegrees": 195.0,
        "dBi": -9.85
      },
      {
        "angleInDegrees": 200.0,
        "dBi": -9.1
      },
      {
        "angleInDegrees": 205.0,
        "dBi": -9.1
      },
      {
        "angleInDegrees": 210.0,
        "dBi": -9.1
      },
      {
        "angleInDegrees": 215.0,
        "dBi": -7.25
      },
      {
        "angleInDegrees": 220.0,
        "dBi": -5.4
      },
      {
        "angleInDegrees": 225.0,
        "dBi": -4.3
      },
      {
        "angleInDegrees": 230.0,
        "dBi": -3.2
      },
      {
        "angleInDegrees": 235.0,
        "dBi": -3.3
      },
      {
        "angleInDegrees": 240.0,
        "dBi": -3.4
      },
      {
        "angleInDegrees": 245.0,
        "dBi": -3.45
      },
      {
        "angleInDegrees": 250.0,
        "dBi": -3.5
      },
      {
        "angleInDegrees": 255.0,
        "dBi": -4.75
      },
      {
        "angleInDegrees": 260.0,
        "dBi": -6
      },
      {
        "angleInDegrees": 265.0,
        "dBi": -7
      },
      {
        "angleInDegrees": 270.0,
        "dBi": -8
      },
      {
        "angleInDegrees": 275.0,
        "dBi": -7.3
      },
      {
        "angleInDegrees": 280.0,
        "dBi": -6.6
      },
      {
        "angleInDegrees": 285.0,
        "dBi": -5.9
      },
      {
        "angleInDegrees": 290.0,
        "dBi": -5.2
      },
      {
        "angleInDegrees": 295.0,
        "dBi": -3.75
      },
      {
        "angleInDegrees": 300.0,
        "dBi": -4.39
      },
      {
        "angleInDegrees": 305.0,
        "dBi": -2.35
      },
      {
        "angleInDegrees": 310.0,
        "dBi": -2.4
      },
      {
        "angleInDegrees": 315.0,
        "dBi": -1.15
      },
      {
        "angleInDegrees": 320.0,
        "dBi": 0.1
      },
      {
        "angleInDegrees": 325.0,
        "dBi": 0.15
      },
      {
        "angleInDegrees": 330.0,
        "dBi": 0.2
      },
      {
        "angleInDegrees": 335.0,
        "dBi": -0.1
      },
      {
        "angleInDegrees": 340.0,
        "dBi": -0.4
      },
      {
        "angleInDegrees": 345.0,
        "dBi": -2.7
      },
      {
        "angleInDegrees": 350.0,
        "dBi": -5
      },
      {
        "angleInDegrees": 355.0,
        "dBi": -6.6
      }
    ],
    "type": "Elevation",
    "scaleMin": -60,
    "scaleMax": 1.9
  },
  "frequencyBand": "FIVE",
  "accessPointVendorModel": {
    "vendor": {
      "vendor": "QTECH"
    },
    "model": {
      "model": "QWP-88"
    }
  },
  "wcsMapping": {},
  "defaultTiltAngle": {
    "degrees": 0.0
  },
  "manufacturerMaximumGain": 4,
  "antennaTechnology": "WIFI",
  "defaultMounting": "CEILING",
  "apCoupling": "INTERNAL_ANTENNA"
}